0,1,2,3,4,5,6,7,8,9,10,11,12,13,14,15,16,17,18,19,20,21
Bread,,Bacon,,Banana,Apple,Hazelnut,,,Carrot,,,,,,,,HeavyCream,Egg,,,Sugar
Bread,Honey,Bacon,,Banana,Apple,Hazelnut,,,,Cucumber,,Milk,Butter,,,Floar,,,Olive,Shampoo,
,Honey,Bacon,Toothpaste,Banana,Apple,Hazelnut,Cheese,Meat,,Cucumber,Onion,Milk,,ShavingFoam,Salt,Floar,HeavyCream,Egg,,,Sugar
Bread,Honey,,Toothpaste,,Apple,,,,,Cucumber,Onion,Milk,,,,Floar,,Egg,Olive,Shampoo,
,Honey,,,,,,,,,,,,,,,,,,,,
,Honey,,Toothpaste,,,Hazelnut,,,,,Onion,,,ShavingFoam,,,,,,,Sugar
,,Bacon,,Banana,Apple,,,,Carrot,,,,,,Salt,,HeavyCream,,,,
,,Bacon,Toothpaste,Banana,,Hazelnut,,,,Cucumber,Onion,,,,Salt,,,Egg,,,
,Honey,Bacon,,Banana,Apple,Hazelnut,Cheese,Meat,Carrot,,Onion,,Butter,ShavingFoam,,,HeavyCream,Egg,Olive,,
,,,,,,,,,,,Onion,Milk,,,Salt,Floar,HeavyCream,,,Shampoo,
,,Bacon,Toothpaste,,Apple,Hazelnut,,,Carrot,,,,Butter,,,Floar,HeavyCream,Egg,Olive,,
,Honey,Bacon,Toothpaste,,,,,Meat,,,Onion,,Butter,,,Floar,HeavyCream,,,,Sugar
Bread,Honey,Bacon,Toothpaste,Banana,Apple,,,Meat,Carrot,,Onion,Milk,,ShavingFoam,,,,Egg,Olive,Shampoo,Sugar
Bread,,Bacon,Toothpaste,Banana,,Hazelnut,Cheese,,Carrot,,,,,ShavingFoam,Salt,,HeavyCream,Egg,Olive,,Sugar
,,,Toothpaste,Banana,,,,,Carrot,Cucumber,,,,ShavingFoam,,Floar,,Egg,Olive,Shampoo,Sugar
,,Bacon,,,,,,,,,,Milk,,,,Floar,,,,Shampoo,
,,,Toothpaste,,,,,,,Cucumber,,,,,,Floar,,,,,
,,,,,,,,,,,Onion,,,ShavingFoam,Salt,,,,Olive,,
Bread,Honey,Bacon,Toothpaste,,,Hazelnut,Cheese,Meat,Carrot,,Onion,,Butter,ShavingFoam,Salt,,,,,,Sugar
Bread,,Bacon,Toothpaste,Banana,,Hazelnut,Cheese,,Carrot,,Onion,,Butter,ShavingFoam,Salt,Floar,,,Olive,,Sugar
,,,,,,,Cheese,,,,,,,ShavingFoam,,,,,,Shampoo,Sugar
,,,,Banana,,,Cheese,Meat,Carrot,,Onion,,,,Salt,,HeavyCream,Egg,Olive,,
Bread,Honey,Bacon,Toothpaste,,,,Cheese,,Carrot,,Onion,,Butter,ShavingFoam,,,,Egg,,,
,Honey,,Toothpaste,,,,,Meat,Carrot,,Onion,,,,,,HeavyCream,Egg,,Shampoo,
,Honey,,Toothpaste,Banana,,Hazelnut,Cheese,,,,,,,,,,HeavyCream,,Olive,,
,Honey,Bacon,,,Apple,Hazelnut,Cheese,Meat,,,Onion,,Butter,ShavingFoam,Salt,,,,,Shampoo,Sugar
,Honey,,,,,Hazelnut,Cheese,,,,,Milk,,,,,,,,Shampoo,
Bread,,Bacon,Toothpaste,,Apple,,,,Carrot,,,,Butter,ShavingFoam,,,,,,Shampoo,Sugar
Bread,Honey,Bacon,,,,,Cheese,Meat,,Cucumber,Onion,Milk,,ShavingFoam,Salt,,HeavyCream,,,,Sugar
Bread,Honey,,,,Apple,,,Meat,Carrot,,,,,,Salt,,HeavyCream,Egg,,Shampoo,
,,Bacon,Toothpaste,,Apple,Hazelnut,,Meat,,Cucumber,Onion,,Butter,ShavingFoam,,Floar,,Egg,Olive,,Sugar
,Honey,,Toothpaste,Banana,Apple,Hazelnut,Cheese,Meat,Carrot,Cucumber,Onion,Milk,,,,Floar,,Egg,Olive,,
Bread,Honey,,Toothpaste,Banana,Apple,Hazelnut,,,,,,Milk,Butter,,Salt,Floar,HeavyCream,,,Shampoo,
Bread,,Bacon,,Banana,Apple,Hazelnut,Cheese,,Carrot,Cucumber,Onion,Milk,,,Salt,,HeavyCream,Egg,Olive,,
Bread,,Bacon,Toothpaste,Banana,,Hazelnut,,Meat,,Cucumber,,,,,Salt,,,,,,Sugar
Bread,,Bacon,,,Apple,Hazelnut,,Meat,,,,Milk,,,Salt,Floar,HeavyCream,,Olive,Shampoo,Sugar
Bread,,,Toothpaste,,,,Cheese,,,,,Milk,,,Salt,Floar,,Egg,,,
,,Bacon,,,,,,,,,,,,,,,,,Olive,,
Bread,,Bacon,Toothpaste,Banana,,Hazelnut,,,Carrot,,,,Butter,ShavingFoam,,,,,Olive,,
,,,,Banana,Apple,Hazelnut,Cheese,Meat,,Cucumber,,,,,Salt,,,,,,Sugar
,,,,,,,,,,Cucumber,,,,,Salt,,HeavyCream,,,,Sugar
,,,,,Apple,,,,,,,Milk,,,,,HeavyCream,,Olive,,
Bread,,,,,,,Cheese,,,,Onion,,,,,Floar,,,Olive,,
Bread,,Bacon,,Banana,,,Cheese,,Carrot,Cucumber,Onion,Milk,Butter,,Salt,,,Egg,Olive,,
,Honey,,Toothpaste,Banana,Apple,,,Meat,Carrot,,,Milk,,,Salt,Floar,,,Olive,,
Bread,Honey,,,,,Hazelnut,Cheese,Meat,Carrot,,,,Butter,ShavingFoam,,,,,Olive,,
,,Bacon,,,,,,,,,,,,,,,,,,,
,,Bacon,Toothpaste,Banana,Apple,Hazelnut,,Meat,Carrot,,,,,,Salt,Floar,HeavyCream,,Olive,,Sugar
,,Bacon,Toothpaste,Banana,,,Cheese,Meat,Carrot,Cucumber,Onion,,Butter,,,Floar,,Egg,,Shampoo,
Bread,Honey,,Toothpaste,,,Hazelnut,,Meat,,,Onion,Milk,Butter,,,Floar,,,Olive,Shampoo,
,,Bacon,Toothpaste,Banana,,,Cheese,Meat,,Cucumber,Onion,,Butter,ShavingFoam,,Floar,,,,Shampoo,Sugar
Bread,,,Toothpaste,Banana,,,Cheese,Meat,Carrot,,Onion,,Butter,,Salt,,HeavyCream,,,Shampoo,
,,,,,Apple,,Cheese,,,Cucumber,Onion,,,,Salt,,,Egg,,,
Bread,Honey,,,,Apple,,Cheese,,,Cucumber,,,Butter,,Salt,Floar,,Egg,,,
Bread,,,Toothpaste,Banana,Apple,,,Meat,Carrot,,Onion,Milk,Butter,ShavingFoam,,,HeavyCream,Egg,Olive,,Sugar
,Honey,,,,Apple,,Cheese,,Carrot,Cucumber,Onion,Milk,,,,Floar,,Egg,,Shampoo,
,,,,Banana,,,Cheese,Meat,Carrot,Cucumber,,,,ShavingFoam,,,,,Olive,,
Bread,Honey,Bacon,Toothpaste,Banana,,Hazelnut,Cheese,,,Cucumber,Onion,Milk,,ShavingFoam,Salt,,HeavyCream,Egg,,,Sugar
,,Bacon,,,,,,,,Cucumber,,,,,,,,,,Shampoo,
,,Bacon,,Banana,Apple,Hazelnut,Cheese,,,,Onion,Milk,Butter,,Salt,,HeavyCream,,Olive,Shampoo,Sugar
Bread,Honey,Bacon,,Banana,,,Cheese,Meat,,,,,,ShavingFoam,,Floar,HeavyCream,,,,
Bread,Honey,,Toothpaste,,,Hazelnut,Cheese,Meat,,,,,Butter,ShavingFoam,,Floar,,,,,Sugar
,Honey,,,,,,Cheese,,Carrot,Cucumber,Onion,,,,,,,,,Shampoo,
Bread,Honey,Bacon,,Banana,,Hazelnut,Cheese,,,Cucumber,,Milk,,,,,HeavyCream,Egg,Olive,,Sugar
,,Bacon,Toothpaste,Banana,Apple,Hazelnut,Cheese,Meat,Carrot,Cucumber,,,Butter,ShavingFoam,,,HeavyCream,Egg,,Shampoo,Sugar
Bread,,Bacon,,Banana,Apple,Hazelnut,Cheese,,,,Onion,Milk,Butter,ShavingFoam,,,HeavyCream,Egg,,Shampoo,
,,,,,,Hazelnut,Cheese,Meat,,Cucumber,Onion,Milk,,ShavingFoam,Salt,Floar,HeavyCream,,,Shampoo,Sugar
,Honey,,Toothpaste,Banana,Apple,,,Meat,,Cucumber,,,Butter,,,Floar,,Egg,Olive,,
,,,,,Apple,Hazelnut,Cheese,,Carrot,Cucumber,Onion,Milk,,ShavingFoam,,,HeavyCream,Egg,Olive,Shampoo,
Bread,Honey,,,Banana,Apple,Hazelnut,,Meat,Carrot,Cucumber,,Milk,,ShavingFoam,Salt,,HeavyCream,,Olive,Shampoo,
Bread,,,Toothpaste,Banana,Apple,,Cheese,,Carrot,,Onion,Milk,,ShavingFoam,,,HeavyCream,Egg,Olive,Shampoo,
,Honey,,,,Apple,,,Meat,,,,,Butter,ShavingFoam,,,,,Olive,Shampoo,Sugar
,Honey,Bacon,Toothpaste,,,Hazelnut,Cheese,Meat,,Cucumber,,,Butter,ShavingFoam,,Floar,,Egg,,,
,,Bacon,Toothpaste,,Apple,Hazelnut,Cheese,,,,,,Butter,,,Floar,HeavyCream,Egg,Olive,,Sugar
,,,,,,Hazelnut,,,,Cucumber,,Milk,,,Salt,,,,Olive,Shampoo,
,,,,,,Hazelnut,,,Carrot,,,Milk,,,,,HeavyCream,,,,
,,Bacon,,,,,,,,,,,,,,,,,,,
,Honey,Bacon,Toothpaste,Banana,,Hazelnut,Cheese,Meat,Carrot,Cucumber,Onion,Milk,,,,,HeavyCream,,Olive,,Sugar
,Honey,Bacon,,Banana,,Hazelnut,Cheese,Meat,Carrot,Cucumber,Onion,,,ShavingFoam,Salt,,,Egg,,Shampoo,
,Honey,Bacon,Toothpaste,Banana,Apple,,Cheese,,Carrot,Cucumber,,,Butter,ShavingFoam,,Floar,,,Olive,,Sugar
Bread,,,,,,Hazelnut,,,Carrot,Cucumber,,Milk,,,,Floar,,,Olive,Shampoo,
Bread,,,,,Apple,,Cheese,,,,,Milk,,,Salt,Floar,HeavyCream,,,,
,,,,,,,,,Carrot,,,,,,,Floar,,,,,
Bread,Honey,,,Banana,,,,,Carrot,,,,Butter,,,,,,,,
,,,,Banana,Apple,,,,,,,,Butter,ShavingFoam,,Floar,HeavyCream,,,,
Bread,,,Toothpaste,Banana,Apple,Hazelnut,,,Carrot,,,,,ShavingFoam,,,HeavyCream,,,,Sugar
,Honey,,,,,,,Meat,Carrot,,,,,,,Floar,HeavyCream,,,,
,Honey,Bacon,,Banana,,,Cheese,,,,,Milk,Butter,ShavingFoam,,,HeavyCream,Egg,Olive,Shampoo,
Bread,Honey,,Toothpaste,Banana,Apple,,,,Carrot,Cucumber,Onion,Milk,Butter,,,,HeavyCream,,Olive,Shampoo,Sugar
,,Bacon,,Banana,,,,,,,,,,,,Floar,,,,,
Bread,Honey,,,Banana,,,Cheese,,,,,,,ShavingFoam,Salt,,HeavyCream,,Olive,Shampoo,Sugar
,,,,,,,Cheese,,,Cucumber,,,Butter,,,,,,,,Sugar
,Honey,Bacon,Toothpaste,,,Hazelnut,Cheese,Meat,,Cucumber,,,Butter,,Salt,,HeavyCream,Egg,Olive,Shampoo,Sugar
,Honey,Bacon,,,,Hazelnut,Cheese,,Carrot,,,Milk,,,,Floar,,,Olive,Shampoo,Sugar
,,,Toothpaste,,,,,Meat,,,Onion,Milk,Butter,,Salt,,HeavyCream,,,Shampoo,Sugar
Bread,,,,,,,,,,,Onion,Milk,,ShavingFoam,,,,,,,
Bread,,Bacon,,,,,Cheese,,,,,,Butter,,Salt,Floar,,,,,
,Honey,,Toothpaste,Banana,Apple,Hazelnut,,,Carrot,Cucumber,Onion,Milk,,,,Floar,HeavyCream,Egg,,,Sugar
Bread,Honey,Bacon,Toothpaste,Banana,,Hazelnut,Cheese,,Carrot,,Onion,,Butter,ShavingFoam,Salt,,HeavyCream,,Olive,Shampoo,
Bread,,,,,Apple,Hazelnut,,Meat,,Cucumber,,,,,,Floar,,,Olive,Shampoo,
,,,,Banana,Apple,,,Meat,Carrot,,Onion,Milk,,ShavingFoam,,,,,Olive,,Sugar
,Honey,Bacon,Toothpaste,Banana,,,Cheese,Meat,,,Onion,,Butter,,,,,Egg,Olive,,
Bread,Honey,Bacon,Toothpaste,Banana,Apple,,Cheese,,Carrot,Cucumber,Onion,Milk,Butter,ShavingFoam,,Floar,,Egg,,,Sugar
Bread,,,,,Apple,,,,,,,,,,Salt,Floar,HeavyCream,,,,
,Honey,,,,Apple,,,,,,,,,,,,HeavyCream,Egg,,,
Bread,,Bacon,,Banana,,,Cheese,,,,,Milk,Butter,,,,,Egg,,Shampoo,
,Honey,Bacon,Toothpaste,Banana,Apple,,,Meat,,,Onion,Milk,,,,,HeavyCream,,Olive,,Sugar
,,Bacon,,,,,,,,,,,Butter,,,,,,,,
Bread,Honey,Bacon,,Banana,Apple,,Cheese,Meat,Carrot,,Onion,Milk,,ShavingFoam,,,,Egg,,Shampoo,
Bread,,,,,Apple,,,,Carrot,Cucumber,Onion,,,,,,,Egg,Olive,Shampoo,Sugar
,Honey,,,,Apple,,Cheese,Meat,,,Onion,Milk,,,,Floar,HeavyCream,,,Shampoo,Sugar
,,Bacon,Toothpaste,Banana,,Hazelnut,,,,Cucumber,Onion,Milk,,ShavingFoam,,Floar,HeavyCream,,,,
,,Bacon,,,Apple,,Cheese,Meat,,Cucumber,,Milk,,ShavingFoam,,,HeavyCream,,,,
Bread,,,Toothpaste,,,,Cheese,,Carrot,,,,,,,Floar,,,,,
Bread,,Bacon,Toothpaste,Banana,Apple,,Cheese,,,,Onion,Milk,Butter,ShavingFoam,,Floar,HeavyCream,,,,Sugar
,Honey,Bacon,,,,,Cheese,,,,,,,,,,,,,Shampoo,
Bread,,,,,,,,,,,,Milk,Butter,,Salt,,,,,,
,,,Toothpaste,,,,,,Carrot,,Onion,Milk,Butter,ShavingFoam,Salt,,HeavyCream,,,,
Bread,Honey,,,Banana,Apple,Hazelnut,,Meat,Carrot,Cucumber,,,,,,Floar,HeavyCream,Egg,Olive,Shampoo,Sugar
,Honey,Bacon,,,,,,,,,,Milk,,,,,,Egg,,,
Bread,,,,Banana,,,Cheese,,Carrot,,,,,,,,,Egg,,Shampoo,
Bread,Honey,Bacon,,Banana,Apple,,Cheese,Meat,,Cucumber,,,,ShavingFoam,Salt,,,,Olive,Shampoo,Sugar
,Honey,,,Banana,,,,Meat,,Cucumber,Onion,Milk,,ShavingFoam,Salt,Floar,HeavyCream,Egg,Olive,Shampoo,
Bread,Honey,,Toothpaste,,,,,,Carrot,Cucumber,,,,,Salt,Floar,,,,,
Bread,,Bacon,,,,Hazelnut,Cheese,,,,,,,,,Floar,,Egg,Olive,,
Bread,,,Toothpaste,Banana,Apple,Hazelnut,,,,,Onion,,Butter,,Salt,Floar,HeavyCream,,,,Sugar
,,Bacon,,Banana,,Hazelnut,Cheese,,Carrot,Cucumber,,Milk,Butter,,Salt,,HeavyCream,Egg,Olive,,
,Honey,Bacon,Toothpaste,Banana,,,,Meat,,,Onion,,,ShavingFoam,Salt,Floar,HeavyCream,,,Shampoo,
,Honey,Bacon,Toothpaste,Banana,,,,,Carrot,Cucumber,Onion,Milk,Butter,,,Floar,HeavyCream,,Olive,,
,,Bacon,Toothpaste,Banana,,Hazelnut,Cheese,,Carrot,,,Milk,Butter,,,Floar,,Egg,,,
Bread,,Bacon,,Banana,Apple,,,,,Cucumber,Onion,Milk,Butter,ShavingFoam,Salt,Floar,HeavyCream,,Olive,Shampoo,
Bread,,Bacon,Toothpaste,Banana,,Hazelnut,,Meat,,,Onion,Milk,Butter,,,Floar,,,Olive,Shampoo,
,,,Toothpaste,Banana,Apple,,,,Carrot,,,Milk,,,,,,Egg,,Shampoo,
,Honey,Bacon,,,Apple,,,Meat,Carrot,Cucumber,Onion,,,,,,,Egg,Olive,,
,Honey,,,,,,,,,Cucumber,,,,,,Floar,,Egg,,,Sugar
Bread,,Bacon,Toothpaste,,Apple,Hazelnut,Cheese,Meat,Carrot,,Onion,,Butter,ShavingFoam,Salt,Floar,HeavyCream,,Olive,,Sugar
,,,Toothpaste,Banana,,Hazelnut,,,,,Onion,,,ShavingFoam,,Floar,,,Olive,Shampoo,
,,,,Banana,Apple,Hazelnut,,,,Cucumber,Onion,Milk,Butter,,,Floar,,,Olive,,
Bread,Honey,Bacon,,Banana,,Hazelnut,Cheese,,,,,Milk,Butter,,,Floar,,Egg,,Shampoo,Sugar
,,Bacon,,,Apple,,Cheese,Meat,Carrot,Cucumber,,Milk,,,Salt,Floar,,Egg,,Shampoo,Sugar
Bread,,,Toothpaste,,Apple,Hazelnut,,Meat,Carrot,,Onion,Milk,Butter,,Salt,,HeavyCream,Egg,Olive,Shampoo,Sugar
,Honey,,,Banana,,Hazelnut,,Meat,,,,,,,,,HeavyCream,,Olive,,
,,,Toothpaste,,,Hazelnut,,,,Cucumber,,,,,Salt,,HeavyCream,,Olive,,
Bread,Honey,,Toothpaste,Banana,,,Cheese,,,Cucumber,,Milk,,ShavingFoam,,Floar,,Egg,Olive,,Sugar
,Honey,,,,Apple,Hazelnut,Cheese,Meat,,,Onion,Milk,Butter,,,Floar,HeavyCream,Egg,Olive,,
,,,,,,,,,,,,,,ShavingFoam,,,,,,,
,,,,Banana,,Hazelnut,,,,,,Milk,,,Salt,,HeavyCream,,,,
,,,,,,,Cheese,,,,,,,,,,,,,,Sugar
Bread,Honey,,Toothpaste,Banana,,Hazelnut,Cheese,,Carrot,,Onion,Milk,Butter,,Salt,Floar,,Egg,,,
,,,,,,,,,,,,,,,,,,,Olive,,
,Honey,Bacon,,,,,,,Carrot,,,,,ShavingFoam,,,HeavyCream,,Olive,Shampoo,
,,,,,,Hazelnut,Cheese,Meat,,,Onion,,,,,,,,,,
,,Bacon,,,,Hazelnut,,,,,,,,,Salt,Floar,,,,,
,,Bacon,,,,,,,,,,,,ShavingFoam,,,,,,,Sugar
Bread,,Bacon,,Banana,,,Cheese,,,Cucumber,Onion,,Butter,ShavingFoam,Salt,,,,Olive,,Sugar
,,,,,,,,,,Cucumber,Onion,Milk,,ShavingFoam,,,HeavyCream,,,,
,,,,,,,,,,,,,,,,Floar,,,,,
Bread,,,,Banana,,,,Meat,Carrot,Cucumber,,,,ShavingFoam,Salt,,HeavyCream,,Olive,,
Bread,Honey,Bacon,,Banana,,,,Meat,Carrot,Cucumber,Onion,,,ShavingFoam,Salt,,,Egg,Olive,Shampoo,Sugar
Bread,,,,,,,,,,Cucumber,Onion,,,,Salt,,HeavyCream,Egg,Olive,,Sugar
Bread,,,,Banana,,Hazelnut,Cheese,,,,,,,,Salt,Floar,,Egg,Olive,Shampoo,Sugar
Bread,,,,Banana,,,,Meat,,,,,,,,,,,,Shampoo,Sugar
,Honey,,Toothpaste,,Apple,,Cheese,,,,Onion,,,ShavingFoam,,,HeavyCream,,,,Sugar
,Honey,Bacon,Toothpaste,Banana,,Hazelnut,,Meat,,,,Milk,,,,,,,,,Sugar
,Honey,Bacon,Toothpaste,Banana,Apple,,,,,,Onion,Milk,,ShavingFoam,Salt,,HeavyCream,,Olive,,
,,,Toothpaste,Banana,,,Cheese,,Carrot,Cucumber,Onion,,,ShavingFoam,Salt,,,,Olive,Shampoo,Sugar
Bread,Honey,Bacon,,Banana,Apple,Hazelnut,Cheese,Meat,Carrot,,Onion,,,ShavingFoam,,Floar,HeavyCream,,Olive,,Sugar
,,Bacon,,,Apple,Hazelnut,,,Carrot,,Onion,,,,,,,,,,
Bread,Honey,Bacon,,,,Hazelnut,Cheese,,Carrot,Cucumber,,,Butter,ShavingFoam,,Floar,,Egg,Olive,,
,Honey,Bacon,Toothpaste,Banana,Apple,Hazelnut,,Meat,,Cucumber,Onion,Milk,,ShavingFoam,,,,Egg,Olive,,Sugar
Bread,,,,,,,Cheese,Meat,,,,,,,,,,,Olive,,
,Honey,,Toothpaste,,Apple,,,Meat,Carrot,,,Milk,,,Salt,,HeavyCream,Egg,Olive,Shampoo,
,,,,,,,,,,,,Milk,,,,,,,,,
,,Bacon,,,,Hazelnut,,,,,,,,,,Floar,,,,,Sugar
,,,Toothpaste,Banana,,,Cheese,,,Cucumber,,,,,,,,,,Shampoo,
Bread,,Bacon,,,Apple,Hazelnut,,Meat,,,,,Butter,ShavingFoam,Salt,Floar,,Egg,,,Sugar
,,Bacon,,Banana,,Hazelnut,Cheese,Meat,,,,,Butter,ShavingFoam,,,,,,,
,Honey,Bacon,Toothpaste,Banana,,Hazelnut,,,Carrot,Cucumber,Onion,Milk,,,Salt,,HeavyCream,Egg,,,Sugar
Bread,,Bacon,Toothpaste,,,Hazelnut,Cheese,Meat,Carrot,Cucumber,Onion,,Butter,,Salt,,HeavyCream,,,Shampoo,
Bread,Honey,Bacon,,,,Hazelnut,,,,Cucumber,Onion,,Butter,ShavingFoam,,,HeavyCream,Egg,,,
,,,Toothpaste,,,,Cheese,Meat,,,,,,,,Floar,,Egg,,,
Bread,,Bacon,Toothpaste,Banana,,Hazelnut,Cheese,,,Cucumber,,Milk,Butter,ShavingFoam,,Floar,,Egg,Olive,Shampoo,Sugar
,,,,,,Hazelnut,,,Carrot,,,,,,,Floar,,Egg,,,Sugar
,Honey,Bacon,,,Apple,,,Meat,,,,,,,,,,,Olive,,
Bread,Honey,,Toothpaste,Banana,Apple,,Cheese,,Carrot,Cucumber,Onion,Milk,Butter,,,Floar,HeavyCream,,,,
Bread,Honey,Bacon,,Banana,Apple,Hazelnut,Cheese,Meat,Carrot,,Onion,,Butter,ShavingFoam,,,,Egg,,,Sugar
,,,,,,,,,,Cucumber,,,,,,,,,,,
,Honey,Bacon,Toothpaste,Banana,Apple,,Cheese,,,,Onion,Milk,,,,,,Egg,Olive,Shampoo,
,Honey,Bacon,,Banana,Apple,Hazelnut,,,,Cucumber,,,Butter,,,,HeavyCream,,Olive,,Sugar
Bread,,Bacon,,Banana,Apple,,,,Carrot,,,,,ShavingFoam,Salt,,,Egg,,,
Bread,Honey,Bacon,,,Apple,,,,,,,Milk,Butter,,Salt,,HeavyCream,Egg,Olive,Shampoo,Sugar
,,,,Banana,,,,,,,Onion,,,,,,,,,,
,,,,,,,Cheese,,,,,Milk,,,,Floar,HeavyCream,,,Shampoo,
Bread,Honey,,Toothpaste,Banana,Apple,,Cheese,,,,,Milk,,,Salt,Floar,HeavyCream,Egg,,,Sugar
Bread,,Bacon,,Banana,Apple,Hazelnut,,,,,Onion,,,,,Floar,HeavyCream,,,,
,Honey,,,,,Hazelnut,,,,,,,Butter,,,,HeavyCream,Egg,,Shampoo,
Bread,Honey,,Toothpaste,,,,Cheese,,Carrot,,,,,,Salt,,,Egg,,Shampoo,Sugar
,Honey,,,Banana,,,,,,,Onion,,,ShavingFoam,,,,Egg,Olive,Shampoo,
Bread,Honey,Bacon,,,,,Cheese,Meat,Carrot,,,Milk,,,,,HeavyCream,,,,
,,,,Banana,,,,,Carrot,Cucumber,,,,,Salt,,,,Olive,,
,,,,,,Hazelnut,Cheese,,,Cucumber,Onion,,Butter,,,Floar,HeavyCream,,Olive,Shampoo,
Bread,,,Toothpaste,,Apple,,,,Carrot,Cucumber,Onion,,Butter,,Salt,,HeavyCream,Egg,Olive,,Sugar
,,,Toothpaste,,,Hazelnut,Cheese,Meat,,Cucumber,Onion,,Butter,ShavingFoam,Salt,,HeavyCream,,,,Sugar
Bread,Honey,Bacon,,,,,Cheese,Meat,Carrot,Cucumber,,,,,,,HeavyCream,,,,
,,Bacon,,,,,,,,,,,,,,,,,,,
,,Bacon,,,,Hazelnut,,,,,,,,ShavingFoam,,Floar,,,,,
,Honey,,Toothpaste,,,,Cheese,,,,,,,,Salt,,,Egg,,,
,,,,Banana,Apple,,Cheese,Meat,Carrot,,Onion,,Butter,ShavingFoam,,Floar,,Egg,Olive,Shampoo,Sugar
Bread,Honey,Bacon,,,,,,,,,,Milk,Butter,,Salt,,HeavyCream,,Olive,Shampoo,
Bread,Honey,Bacon,,,,Hazelnut,Cheese,,Carrot,,,,,,Salt,Floar,,Egg,,,
,,,Toothpaste,,Apple,,Cheese,,Carrot,,Onion,,Butter,,Salt,,,Egg,Olive,,Sugar
,,Bacon,Toothpaste,,,Hazelnut,,,,,Onion,Milk,Butter,ShavingFoam,,,HeavyCream,,,,Sugar
,Honey,,Toothpaste,,,Hazelnut,,Meat,Carrot,,Onion,Milk,,,Salt,Floar,HeavyCream,,Olive,,Sugar
Bread,Honey,Bacon,Toothpaste,Banana,,Hazelnut,Cheese,Meat,Carrot,,,Milk,Butter,ShavingFoam,,,HeavyCream,,,Shampoo,Sugar
Bread,,Bacon,Toothpaste,,,,,Meat,,Cucumber,Onion,Milk,Butter,,Salt,,,Egg,,,
,,,,,Apple,,,,,Cucumber,Onion,,,,,,,,,,
,,Bacon,,,Apple,,,,Carrot,Cucumber,Onion,,,ShavingFoam,,Floar,,,,,
,Honey,Bacon,,Banana,,Hazelnut,,Meat,Carrot,Cucumber,Onion,Milk,Butter,ShavingFoam,Salt,Floar,,Egg,Olive,Shampoo,Sugar
Bread,,Bacon,,Banana,Apple,,,Meat,Carrot,,Onion,Milk,,,,,,Egg,Olive,,Sugar
Bread,,,,,Apple,,Cheese,,,,,Milk,,ShavingFoam,,Floar,,,,,
,Honey,,,Banana,,,,,,,,,,,,Floar,,Egg,,,
Bread,Honey,,,Banana,,Hazelnut,,,,Cucumber,Onion,,,ShavingFoam,Salt,Floar,,Egg,,Shampoo,
,,Bacon,Toothpaste,,Apple,Hazelnut,,,,Cucumber,Onion,,Butter,ShavingFoam,Salt,Floar,,,Olive,,Sugar
Bread,Honey,Bacon,,,Apple,Hazelnut,Cheese,Meat,Carrot,,,Milk,,,,Floar,,Egg,,Shampoo,Sugar
Bread,Honey,Bacon,Toothpaste,,Apple,Hazelnut,Cheese,Meat,Carrot,,Onion,,Butter,ShavingFoam,,,,Egg,,,
,,,,,,Hazelnut,,,,Cucumber,,,,,,,HeavyCream,,,,
Bread,Honey,Bacon,Toothpaste,Banana,,Hazelnut,Cheese,,Carrot,,,Milk,,ShavingFoam,,Floar,HeavyCream,,,,
Bread,Honey,,,,,,Cheese,,Carrot,,Onion,,Butter,,Salt,,,,,Shampoo,
Bread,Honey,,,Banana,Apple,,Cheese,,Carrot,,Onion,,,,Salt,,HeavyCream,,Olive,,
,Honey,Bacon,,,Apple,Hazelnut,,,,Cucumber,,,Butter,ShavingFoam,,,HeavyCream,Egg,,Shampoo,
,,Bacon,Toothpaste,,,,Cheese,Meat,Carrot,Cucumber,,Milk,,ShavingFoam,,,HeavyCream,Egg,,,Sugar
Bread,,,Toothpaste,,,Hazelnut,Cheese,,,,Onion,,Butter,,Salt,Floar,,Egg,Olive,,
,Honey,,,,Apple,,,,,,,,,ShavingFoam,,,,Egg,Olive,,Sugar
Bread,Honey,,,Banana,,Hazelnut,,Meat,,,,,,ShavingFoam,,Floar,,Egg,,,
Bread,Honey,,Toothpaste,,Apple,,Cheese,,Carrot,,,Milk,Butter,,Salt,Floar,HeavyCream,,,,
,,Bacon,,,,,,,Carrot,,,,,,,,,,,,
Bread,Honey,Bacon,,Banana,,Hazelnut,,,,Cucumber,,Milk,Butter,ShavingFoam,Salt,,HeavyCream,,,,Sugar
Bread,,Bacon,Toothpaste,,,Hazelnut,Cheese,,,Cucumber,,Milk,Butter,ShavingFoam,Salt,,,Egg,Olive,Shampoo,Sugar
,,,,Banana,Apple,Hazelnut,,Meat,,,,,Butter,,,Floar,,,,,
Bread,Honey,,Toothpaste,Banana,Apple,Hazelnut,Cheese,,Carrot,,,,Butter,,Salt,,,,,Shampoo,Sugar
,Honey,,,,,,,,,,,,,,,,,,,,
,,,,,Apple,,,,,,,,,,,Floar,,,,,
,,,,,Apple,,,,,,,Milk,,,,,HeavyCream,,Olive,,
,Honey,Bacon,,,Apple,Hazelnut,Cheese,Meat,Carrot,Cucumber,Onion,,Butter,,,,,Egg,,Shampoo,
Bread,Honey,Bacon,,,Apple,,Cheese,Meat,Carrot,,,,,ShavingFoam,Salt,,HeavyCream,Egg,,Shampoo,Sugar
Bread,,Bacon,Toothpaste,Banana,Apple,,,,Carrot,Cucumber,,Milk,Butter,ShavingFoam,Salt,Floar,,Egg,,,
Bread,Honey,Bacon,Toothpaste,Banana,Apple,,Cheese,,Carrot,,,Milk,Butter,,,Floar,HeavyCream,Egg,Olive,Shampoo,
,,Bacon,,,,Hazelnut,,Meat,,,,Milk,,,Salt,,HeavyCream,,,,Sugar
,,Bacon,,,,,,Meat,,Cucumber,,Milk,,,,Floar,,,,,Sugar
,,,,Banana,Apple,,,,,,,,,ShavingFoam,,,,,Olive,Shampoo,
,,,,,,,Cheese,,,,,,,,Salt,,,Egg,,Shampoo,Sugar
,,,Toothpaste,,Apple,,,,Carrot,,,Milk,Butter,,,Floar,,Egg,Olive,,
,,,,,,,,,,,,,,,,,,,Olive,,
,,,,Banana,,Hazelnut,Cheese,,,,,Milk,,ShavingFoam,,,,,,,
Bread,,,,Banana,Apple,Hazelnut,,,Carrot,,,,,ShavingFoam,Salt,,,,,Shampoo,
Bread,,Bacon,Toothpaste,,Apple,,,,,,,Milk,,ShavingFoam,Salt,,HeavyCream,,Olive,Shampoo,Sugar
Bread,,Bacon,,,,,Cheese,,,,,,,,,,HeavyCream,Egg,Olive,,
,,,,,Apple,,,,,,,,,,,,,,,,
Bread,,Bacon,Toothpaste,Banana,,Hazelnut,,,,,Onion,,,ShavingFoam,Salt,,,,,Shampoo,Sugar
,Honey,,Toothpaste,Banana,,,Cheese,,Carrot,,,,,,Salt,Floar,HeavyCream,Egg,,Shampoo,Sugar
Bread,,,Toothpaste,,Apple,Hazelnut,,,Carrot,,,Milk,,,,,,,Olive,Shampoo,
,,,,,,,Cheese,,Carrot,,,,,ShavingFoam,,Floar,,,,Shampoo,
,,Bacon,,,,Hazelnut,,,,Cucumber,,,,,,,HeavyCream,,,Shampoo,Sugar
,,Bacon,Toothpaste,Banana,Apple,Hazelnut,Cheese,,Carrot,Cucumber,Onion,,,ShavingFoam,Salt,Floar,,Egg,Olive,,
Bread,,Bacon,Toothpaste,,,Hazelnut,Cheese,Meat,,,,,Butter,ShavingFoam,Salt,,HeavyCream,Egg,,Shampoo,Sugar
,,,,,,,,,Carrot,,,,,,Salt,,,,,,
,,Bacon,,Banana,,,,,,,,,,,,,,,,,
,Honey,,,,,,,,,,,Milk,,,,,,,,,
Bread,,Bacon,,Banana,Apple,Hazelnut,,Meat,,,Onion,Milk,,ShavingFoam,Salt,Floar,HeavyCream,Egg,,Shampoo,Sugar
,,,,,,,,,,,,,,,,,,,Olive,,
Bread,Honey,,,Banana,,Hazelnut,Cheese,,Carrot,Cucumber,,Milk,,ShavingFoam,,Floar,HeavyCream,Egg,,,Sugar
,Honey,Bacon,,,,Hazelnut,,Meat,Carrot,,Onion,Milk,,,Salt,Floar,HeavyCream,Egg,Olive,Shampoo,Sugar
Bread,,,Toothpaste,Banana,Apple,Hazelnut,,,Carrot,Cucumber,Onion,,,,,Floar,,Egg,,,Sugar
,,Bacon,Toothpaste,Banana,Apple,Hazelnut,Cheese,Meat,,,Onion,,Butter,ShavingFoam,,Floar,,,,,
Bread,Honey,,,,,,,,,,,,,ShavingFoam,,,HeavyCream,,,,
,Honey,,Toothpaste,,Apple,,,,,,,,,,,,,,,,Sugar
,,,,,,,,,,Cucumber,,,Butter,,,,,,,,
Bread,Honey,Bacon,,Banana,,,Cheese,Meat,,,Onion,Milk,Butter,ShavingFoam,,,,Egg,,,Sugar
Bread,Honey,,Toothpaste,,Apple,Hazelnut,Cheese,Meat,,,Onion,,Butter,,Salt,Floar,,,Olive,Shampoo,
Bread,Honey,Bacon,Toothpaste,,,,,Meat,Carrot,,Onion,Milk,,ShavingFoam,Salt,,HeavyCream,Egg,,Shampoo,Sugar
,Honey,,Toothpaste,Banana,,Hazelnut,Cheese,,,,Onion,,Butter,ShavingFoam,Salt,Floar,HeavyCream,Egg,Olive,,Sugar
,,,,Banana,Apple,,Cheese,,,,,,Butter,,Salt,Floar,,Egg,,Shampoo,
Bread,Honey,Bacon,,Banana,,Hazelnut,Cheese,Meat,Carrot,,,Milk,,ShavingFoam,,Floar,HeavyCream,Egg,,,
,Honey,,,,,Hazelnut,,,Carrot,,,,,,,,,,,,
Bread,,,Toothpaste,,,,,,,,Onion,,,,Salt,,,,,,Sugar
Bread,,,,,,,Cheese,Meat,,,,,,,Salt,Floar,HeavyCream,,Olive,Shampoo,Sugar
,Honey,Bacon,,Banana,Apple,Hazelnut,Cheese,,Carrot,,Onion,,Butter,ShavingFoam,Salt,,HeavyCream,,,Shampoo,Sugar
Bread,Honey,,,,Apple,,Cheese,,,Cucumber,Onion,Milk,,ShavingFoam,Salt,,,Egg,,Shampoo,Sugar
,Honey,,,Banana,Apple,,,,,,,,Butter,ShavingFoam,,,,,,Shampoo,Sugar
,,Bacon,,Banana,Apple,,Cheese,Meat,,,Onion,,Butter,,,Floar,,,,Shampoo,
,,,,,,,,,,,,,,,,,,,,,Sugar
,Honey,,,,,,,Meat,,,,,,,,,,Egg,Olive,,
,,,Toothpaste,Banana,,Hazelnut,,,,Cucumber,Onion,,,,,Floar,,,,Shampoo,
Bread,Honey,,,,,,,,Carrot,,,,Butter,ShavingFoam,Salt,,,Egg,,,
,,Bacon,Toothpaste,,Apple,Hazelnut,,Meat,,,,Milk,Butter,,Salt,,HeavyCream,,,Shampoo,
,,,,,Apple,,,,,,,,,ShavingFoam,Salt,Floar,,Egg,,Shampoo,
,,,,,,,Cheese,,Carrot,,,,,,,Floar,,,Olive,,Sugar
,,,,,Apple,,,,,,,Milk,Butter,ShavingFoam,,Floar,HeavyCream,,Olive,,Sugar
,,,Toothpaste,Banana,Apple,,Cheese,Meat,Carrot,Cucumber,Onion,,,ShavingFoam,Salt,Floar,HeavyCream,Egg,Olive,,Sugar
Bread,,,,,,,,,Carrot,,,Milk,Butter,,,,,,,,
,Honey,,Toothpaste,Banana,,Hazelnut,Cheese,Meat,Carrot,Cucumber,,,Butter,,Salt,Floar,HeavyCream,Egg,Olive,Shampoo,Sugar
Bread,,Bacon,,,,Hazelnut,,,Carrot,Cucumber,Onion,,Butter,ShavingFoam,Salt,Floar,HeavyCream,,,,
Bread,Honey,,Toothpaste,Banana,Apple,Hazelnut,,Meat,,Cucumber,,,,,Salt,,,Egg,Olive,,Sugar
Bread,Honey,,Toothpaste,,,,Cheese,Meat,Carrot,Cucumber,Onion,Milk,Butter,,Salt,,,Egg,Olive,Shampoo,Sugar
Bread,,,,Banana,Apple,,,Meat,,,,,Butter,,Salt,,,,,,
,,,Toothpaste,Banana,Apple,,Cheese,,Carrot,,,,,,Salt,,HeavyCream,,,,Sugar
Bread,Honey,Bacon,,Banana,Apple,,Cheese,Meat,,Cucumber,,,Butter,,,Floar,,Egg,,Shampoo,Sugar
Bread,Honey,,Toothpaste,,Apple,,,Meat,,,Onion,,Butter,,,,HeavyCream,,,,
,,,,Banana,Apple,,Cheese,Meat,,,,,,,Salt,,,Egg,,Shampoo,
Bread,,Bacon,,Banana,Apple,,Cheese,,,Cucumber,,,Butter,ShavingFoam,Salt,,,,,,
,,,,Banana,,,,,,,,,,,,,,,Olive,,
,Honey,Bacon,,Banana,Apple,,Cheese,Meat,Carrot,Cucumber,Onion,,Butter,,,,HeavyCream,,,,
Bread,Honey,Bacon,,Banana,,,,Meat,,Cucumber,Onion,Milk,,ShavingFoam,Salt,Floar,HeavyCream,,,,Sugar
Bread,,,,,,Hazelnut,Cheese,Meat,,Cucumber,,,Butter,,Salt,Floar,HeavyCream,,,Shampoo,Sugar
Bread,,Bacon,Toothpaste,,,Hazelnut,Cheese,Meat,Carrot,Cucumber,,Milk,Butter,,Salt,,,Egg,Olive,Shampoo,
,,,Toothpaste,,,Hazelnut,,,Carrot,,,,,,,Floar,,,,,
Bread,Honey,,Toothpaste,,,,Cheese,,Carrot,,Onion,Milk,Butter,ShavingFoam,Salt,,,,,,Sugar
Bread,,Bacon,,Banana,,,,Meat,Carrot,Cucumber,,Milk,,,,Floar,HeavyCream,,Olive,,Sugar
Bread,Honey,Bacon,,Banana,,Hazelnut,,Meat,Carrot,Cucumber,Onion,Milk,,,,,HeavyCream,Egg,Olive,,
,,Bacon,,Banana,,,Cheese,,Carrot,,,Milk,,,,,HeavyCream,,,,
,Honey,Bacon,,Banana,Apple,Hazelnut,Cheese,Meat,,Cucumber,,,Butter,ShavingFoam,Salt,,HeavyCream,Egg,Olive,Shampoo,
,Honey,Bacon,,Banana,Apple,,,,Carrot,,,,,,,,HeavyCream,,,,
Bread,,,,,,,,,,,,,,,,,,,,,
Bread,,Bacon,,Banana,,Hazelnut,Cheese,,,Cucumber,,Milk,Butter,,,Floar,HeavyCream,Egg,,,
,,,Toothpaste,,,Hazelnut,Cheese,Meat,,,,Milk,,,,Floar,HeavyCream,Egg,Olive,Shampoo,Sugar
,Honey,,,Banana,,Hazelnut,,,Carrot,,Onion,Milk,,,,Floar,,,,,
Bread,Honey,,Toothpaste,Banana,Apple,,Cheese,,Carrot,Cucumber,,,,ShavingFoam,Salt,Floar,,Egg,Olive,,
Bread,,,,,Apple,,,Meat,,Cucumber,,,,,,,HeavyCream,Egg,Olive,Shampoo,Sugar
Bread,Honey,Bacon,Toothpaste,Banana,Apple,,,Meat,,Cucumber,,Milk,Butter,,,Floar,HeavyCream,,,Shampoo,
Bread,Honey,,,,,Hazelnut,,,,,,,,,,,,Egg,,,Sugar
,,,Toothpaste,,Apple,Hazelnut,Cheese,Meat,Carrot,Cucumber,,,,,Salt,,HeavyCream,Egg,,,
Bread,,,,Banana,Apple,Hazelnut,,Meat,,,Onion,,Butter,,Salt,,HeavyCream,Egg,Olive,Shampoo,
,,,,Banana,,,,,,,,,,,,,,,,,
,Honey,,Toothpaste,Banana,Apple,,,,Carrot,,Onion,Milk,,ShavingFoam,Salt,Floar,,Egg,Olive,,Sugar
,,,,,,,,,Carrot,Cucumber,,,Butter,ShavingFoam,Salt,,,,Olive,,
,,,Toothpaste,,,,,,,Cucumber,,,,ShavingFoam,,,HeavyCream,,,,
,,,Toothpaste,Banana,Apple,Hazelnut,,,,,Onion,Milk,Butter,,,Floar,,Egg,,Shampoo,
,Honey,,,Banana,Apple,Hazelnut,Cheese,Meat,,Cucumber,Onion,,,,,,,,Olive,,Sugar
,,,Toothpaste,,Apple,Hazelnut,Cheese,Meat,,Cucumber,Onion,Milk,,,Salt,,,,Olive,,
Bread,,,Toothpaste,,,,,Meat,,,,,,,Salt,Floar,HeavyCream,,,,
,,Bacon,,,,Hazelnut,,Meat,,Cucumber,,Milk,,,,,,Egg,,Shampoo,
,,,,,,Hazelnut,Cheese,,Carrot,Cucumber,,Milk,Butter,ShavingFoam,,Floar,HeavyCream,,,Shampoo,
,,,,,,,Cheese,Meat,,Cucumber,,,Butter,,,,,,,,Sugar
Bread,,,,,Apple,,,,Carrot,,,,,,,,,,,Shampoo,Sugar
,,,Toothpaste,,Apple,,,,Carrot,Cucumber,,,,ShavingFoam,,Floar,,,,Shampoo,
,,,,Banana,Apple,Hazelnut,,,,Cucumber,Onion,,Butter,ShavingFoam,Salt,Floar,HeavyCream,Egg,Olive,,
,,,,,,,,,,,,,,ShavingFoam,,,,Egg,,,
,,,Toothpaste,Banana,,Hazelnut,,,,,,Milk,,ShavingFoam,,,,,,,
Bread,,,,,Apple,,,Meat,,,Onion,,,,Salt,,HeavyCream,,,Shampoo,Sugar
,,Bacon,,,,,,Meat,,,,,,ShavingFoam,Salt,Floar,,,,Shampoo,Sugar
,,,Toothpaste,,Apple,,,Meat,Carrot,,,,Butter,ShavingFoam,,,HeavyCream,Egg,,Shampoo,
Bread,,,Toothpaste,Banana,,Hazelnut,Cheese,,Carrot,Cucumber,,Milk,,ShavingFoam,Salt,Floar,HeavyCream,Egg,Olive,,
,Honey,Bacon,Toothpaste,,Apple,Hazelnut,Cheese,Meat,Carrot,,,Milk,Butter,ShavingFoam,,Floar,HeavyCream,Egg,,Shampoo,
Bread,,Bacon,,Banana,,Hazelnut,,Meat,,Cucumber,,Milk,,,,,,,,,
Bread,Honey,,Toothpaste,Banana,,,Cheese,Meat,Carrot,Cucumber,,,,,Salt,Floar,,,,Shampoo,
,Honey,,,,,,,Meat,,,,Milk,Butter,ShavingFoam,,Floar,,Egg,Olive,,Sugar
,,Bacon,,Banana,,Hazelnut,Cheese,,,Cucumber,Onion,Milk,,,,,,,,,Sugar
,,,,,,,,,,,Onion,Milk,,,,,HeavyCream,,Olive,,
,,,,,,,Cheese,,Carrot,Cucumber,Onion,,Butter,ShavingFoam,Salt,,HeavyCream,,,,Sugar
,Honey,,,Banana,,,,,,,Onion,,,,Salt,,,,,,
,,Bacon,,,Apple,,,Meat,,,,,,,,,,Egg,Olive,,
,Honey,,,,,,Cheese,,,,,Milk,Butter,ShavingFoam,Salt,Floar,HeavyCream,Egg,,,Sugar
,,,,Banana,,,,,Carrot,,,Milk,,,,,,,,,
,,,,,,,Cheese,,,,,,,,,,,,,Shampoo,
,,Bacon,,Banana,,Hazelnut,Cheese,,Carrot,,Onion,,Butter,ShavingFoam,Salt,,,,Olive,,
Bread,,,,,,,,,,,Onion,,Butter,,,,,Egg,,,
,,Bacon,Toothpaste,Banana,Apple,,,Meat,,Cucumber,Onion,,,ShavingFoam,Salt,,HeavyCream,,Olive,Shampoo,
,Honey,,Toothpaste,,Apple,Hazelnut,Cheese,,Carrot,,Onion,,,ShavingFoam,Salt,Floar,HeavyCream,Egg,,Shampoo,Sugar
Bread,Honey,Bacon,,Banana,,Hazelnut,,,,,,,,,,,HeavyCream,Egg,,Shampoo,
,,,,,,,,,,,,Milk,,,,Floar,,,,,
Bread,,Bacon,Toothpaste,Banana,Apple,,,Meat,,,Onion,,,,Salt,,,,Olive,,Sugar
,,Bacon,,Banana,,,Cheese,Meat,Carrot,,,Milk,,,Salt,,HeavyCream,,Olive,,Sugar
,,,Toothpaste,,Apple,Hazelnut,,Meat,Carrot,,,Milk,,ShavingFoam,Salt,,HeavyCream,,,,Sugar
,Honey,Bacon,Toothpaste,Banana,Apple,,,Meat,Carrot,Cucumber,Onion,,,ShavingFoam,Salt,,HeavyCream,Egg,Olive,Shampoo,Sugar
Bread,,,Toothpaste,Banana,,Hazelnut,,Meat,,Cucumber,,Milk,,ShavingFoam,,,,Egg,Olive,,
Bread,,Bacon,,Banana,Apple,Hazelnut,,Meat,,,Onion,,Butter,ShavingFoam,,,,,Olive,,
,,Bacon,,,,,,,Carrot,,,,Butter,,Salt,Floar,,Egg,Olive,,
,,,,,,,,,Carrot,,,,,,,,HeavyCream,,,,
Bread,Honey,,Toothpaste,,Apple,Hazelnut,Cheese,,Carrot,Cucumber,Onion,Milk,Butter,ShavingFoam,Salt,,HeavyCream,,Olive,,
Bread,Honey,,,Banana,Apple,,,,Carrot,,,,,,,,,,,,
,,,Toothpaste,,Apple,,Cheese,,,Cucumber,Onion,Milk,Butter,ShavingFoam,Salt,,,,,,
Bread,,Bacon,Toothpaste,,,,Cheese,,Carrot,Cucumber,Onion,Milk,,ShavingFoam,,Floar,HeavyCream,,Olive,Shampoo,
Bread,,Bacon,Toothpaste,,Apple,Hazelnut,Cheese,,,,,Milk,,ShavingFoam,Salt,,HeavyCream,Egg,Olive,,
,Honey,,,,Apple,,Cheese,Meat,,Cucumber,,,,ShavingFoam,,,HeavyCream,,,,
Bread,,,,,,,,,,,,,,,,,,,Olive,,
,,,Toothpaste,,,,Cheese,,Carrot,Cucumber,Onion,Milk,,ShavingFoam,Salt,,,Egg,,,
Bread,,Bacon,,Banana,,Hazelnut,Cheese,Meat,,,Onion,,Butter,ShavingFoam,,,,Egg,Olive,Shampoo,
,Honey,,,,,,,Meat,,,,,Butter,ShavingFoam,,,HeavyCream,,,Shampoo,
,,,,,,Hazelnut,,Meat,Carrot,,,,,,,,,,,,Sugar
Bread,Honey,Bacon,Toothpaste,Banana,Apple,,,,,,,,,ShavingFoam,Salt,Floar,,Egg,,,
,Honey,,,,Apple,,,,,,,,Butter,,,,,Egg,,,Sugar
,Honey,Bacon,Toothpaste,Banana,Apple,,Cheese,,Carrot,Cucumber,,,,,,Floar,,,,,
,Honey,Bacon,Toothpaste,Banana,,,Cheese,Meat,Carrot,,Onion,,Butter,ShavingFoam,,,HeavyCream,Egg,,Shampoo,
,Honey,,,,,,,,,,,,,ShavingFoam,,,HeavyCream,Egg,,,
Bread,,,Toothpaste,Banana,Apple,Hazelnut,,,Carrot,Cucumber,,,,ShavingFoam,Salt,Floar,,Egg,Olive,Shampoo,
Bread,Honey,Bacon,Toothpaste,Banana,Apple,Hazelnut,Cheese,,,Cucumber,,,Butter,,,,HeavyCream,,,Shampoo,Sugar
Bread,,,,,,,,Meat,,,Onion,Milk,,,,,HeavyCream,,,,
,Honey,,,,,Hazelnut,,,,Cucumber,,Milk,Butter,,Salt,,,Egg,,Shampoo,
Bread,Honey,,,,,Hazelnut,,,,Cucumber,Onion,,Butter,,Salt,Floar,,Egg,,Shampoo,
Bread,Honey,Bacon,,Banana,Apple,,Cheese,Meat,Carrot,Cucumber,,Milk,Butter,ShavingFoam,Salt,Floar,HeavyCream,Egg,,,Sugar
Bread,,Bacon,Toothpaste,,,,Cheese,Meat,,Cucumber,Onion,,Butter,ShavingFoam,,,,,,,Sugar
,Honey,,Toothpaste,Banana,,Hazelnut,,,Carrot,,,Milk,Butter,,Salt,,,,Olive,Shampoo,Sugar
,Honey,,,,,,,,Carrot,,,,,,,,,,,,
,,,Toothpaste,Banana,,Hazelnut,,Meat,,Cucumber,Onion,,,ShavingFoam,Salt,Floar,HeavyCream,Egg,,,Sugar
,,Bacon,,,Apple,,Cheese,Meat,,,,Milk,,,Salt,Floar,,Egg,,,
,,,,,,,,Meat,,Cucumber,,,,ShavingFoam,Salt,,HeavyCream,,,Shampoo,
Bread,Honey,,Toothpaste,,,Hazelnut,Cheese,Meat,,Cucumber,Onion,,,ShavingFoam,Salt,,,,,Shampoo,
,Honey,Bacon,,Banana,Apple,Hazelnut,Cheese,Meat,Carrot,,Onion,,Butter,ShavingFoam,Salt,Floar,,Egg,,,
Bread,,Bacon,,Banana,,,Cheese,Meat,,Cucumber,,,Butter,ShavingFoam,Salt,Floar,,Egg,Olive,,Sugar
,,,,Banana,,,,,,,,,,,,,,,,,
Bread,,Bacon,,Banana,Apple,,,Meat,Carrot,,,,Butter,ShavingFoam,,Floar,,,Olive,Shampoo,
,,Bacon,Toothpaste,Banana,,,Cheese,,Carrot,Cucumber,Onion,,,ShavingFoam,Salt,,,Egg,Olive,,
,,Bacon,,,,,Cheese,,,Cucumber,,Milk,Butter,,,,,Egg,,,Sugar
,,Bacon,Toothpaste,Banana,Apple,Hazelnut,Cheese,,Carrot,,Onion,Milk,Butter,ShavingFoam,,,HeavyCream,Egg,Olive,,
,,Bacon,,,Apple,,Cheese,Meat,Carrot,,,,,,Salt,,,,Olive,Shampoo,Sugar
Bread,Honey,,,Banana,,Hazelnut,Cheese,,,,Onion,Milk,Butter,,,,,,,Shampoo,
,,,Toothpaste,,,Hazelnut,,,,,,,,,,Floar,,,,,
Bread,Honey,Bacon,,,Apple,,Cheese,Meat,Carrot,,Onion,Milk,Butter,ShavingFoam,,,HeavyCream,,Olive,,
,,,,,,,,,Carrot,Cucumber,,,,,,Floar,,,,,
,,Bacon,,Banana,Apple,,,,Carrot,Cucumber,Onion,,,,,,,,Olive,Shampoo,
,Honey,Bacon,Toothpaste,Banana,Apple,Hazelnut,Cheese,Meat,Carrot,,,Milk,,,,,HeavyCream,Egg,,Shampoo,
,,,Toothpaste,Banana,Apple,,,Meat,,Cucumber,Onion,Milk,,,Salt,,HeavyCream,Egg,,,
Bread,Honey,,Toothpaste,,,Hazelnut,,,Carrot,Cucumber,,Milk,Butter,,Salt,Floar,HeavyCream,,,,Sugar
Bread,Honey,,,,Apple,Hazelnut,,Meat,,Cucumber,Onion,,Butter,ShavingFoam,Salt,Floar,HeavyCream,,Olive,Shampoo,Sugar
,Honey,Bacon,Toothpaste,,,Hazelnut,Cheese,Meat,,Cucumber,,,Butter,ShavingFoam,,,HeavyCream,,Olive,,Sugar
,,,Toothpaste,Banana,,Hazelnut,,,Carrot,Cucumber,,Milk,,ShavingFoam,,Floar,HeavyCream,Egg,Olive,,
,,,,,,Hazelnut,,,Carrot,Cucumber,Onion,,Butter,,Salt,Floar,HeavyCream,,,Shampoo,Sugar
Bread,Honey,Bacon,Toothpaste,,,Hazelnut,,Meat,Carrot,,,Milk,Butter,,Salt,Floar,,,Olive,Shampoo,Sugar
Bread,Honey,Bacon,,Banana,,,Cheese,Meat,,,,,,,,Floar,,Egg,,,
,Honey,Bacon,Toothpaste,,,,,,Carrot,,Onion,,,,Salt,Floar,HeavyCream,,,,
,,,,,Apple,,,,,,Onion,,,,,,,,,,
Bread,Honey,,Toothpaste,,,,Cheese,Meat,Carrot,,,Milk,,ShavingFoam,,,HeavyCream,,,Shampoo,
,,,Toothpaste,Banana,Apple,Hazelnut,,Meat,Carrot,,,,Butter,ShavingFoam,Salt,,HeavyCream,,,Shampoo,
,,,,,,Hazelnut,,,,,,,,,,,,,,,
,,,,Banana,,,Cheese,Meat,Carrot,,,,,ShavingFoam,Salt,,,Egg,Olive,Shampoo,
,,,,,Apple,,Cheese,,,,,,,,,,,,,,
,,,,Banana,,,,,,,,,,ShavingFoam,,,,,,,
Bread,Honey,,Toothpaste,,,Hazelnut,Cheese,,,Cucumber,,,Butter,,Salt,Floar,HeavyCream,,,Shampoo,
,Honey,Bacon,,Banana,,Hazelnut,,Meat,Carrot,Cucumber,Onion,Milk,,,,,HeavyCream,Egg,,Shampoo,Sugar
,Honey,,Toothpaste,,Apple,Hazelnut,Cheese,Meat,,,,Milk,Butter,ShavingFoam,Salt,Floar,HeavyCream,,Olive,,
Bread,,,,,,,Cheese,,,,,,Butter,ShavingFoam,Salt,,HeavyCream,,Olive,,Sugar
Bread,Honey,,,Banana,Apple,Hazelnut,Cheese,Meat,,Cucumber,,,Butter,ShavingFoam,Salt,,,,,Shampoo,
,Honey,Bacon,Toothpaste,,Apple,Hazelnut,,Meat,,,,Milk,Butter,ShavingFoam,,,,,,Shampoo,
,,,,Banana,,,,Meat,,,Onion,,,,Salt,,,Egg,,,Sugar
,,,Toothpaste,,Apple,Hazelnut,Cheese,Meat,,Cucumber,,,,ShavingFoam,,Floar,HeavyCream,Egg,,,
Bread,Honey,Bacon,,Banana,Apple,Hazelnut,Cheese,Meat,Carrot,Cucumber,Onion,Milk,,,Salt,,HeavyCream,Egg,,,Sugar
,,,,Banana,Apple,Hazelnut,Cheese,,,,,,,,,Floar,HeavyCream,,,Shampoo,
,Honey,Bacon,,,,Hazelnut,,Meat,Carrot,Cucumber,,,,ShavingFoam,,Floar,,Egg,Olive,Shampoo,
Bread,,Bacon,Toothpaste,,,,Cheese,Meat,,Cucumber,Onion,Milk,Butter,,,,HeavyCream,,Olive,,Sugar
,Honey,Bacon,,Banana,Apple,,,,,Cucumber,,,Butter,ShavingFoam,Salt,,,,Olive,Shampoo,
,,,,,,,,,,Cucumber,,,,,,,,,Olive,,
,Honey,,,Banana,Apple,,Cheese,Meat,,Cucumber,,,,ShavingFoam,Salt,,,Egg,,Shampoo,Sugar
Bread,Honey,,,,,,Cheese,,Carrot,Cucumber,,,Butter,,,Floar,HeavyCream,,,Shampoo,
,,,,,,,,,,,,,Butter,,,,,,,,
Bread,,,,Banana,,,Cheese,,Carrot,,Onion,,Butter,ShavingFoam,,Floar,,,,Shampoo,
Bread,Honey,Bacon,Toothpaste,Banana,Apple,,,,Carrot,Cucumber,,,Butter,ShavingFoam,Salt,,HeavyCream,,Olive,Shampoo,
,Honey,Bacon,Toothpaste,Banana,,Hazelnut,Cheese,Meat,Carrot,Cucumber,Onion,,Butter,ShavingFoam,,Floar,,,,Shampoo,Sugar
,,,Toothpaste,,Apple,,,,Carrot,Cucumber,Onion,Milk,,,Salt,Floar,,Egg,Olive,,
,,,,,,Hazelnut,,,,,,,,ShavingFoam,,,,,Olive,,
,Honey,Bacon,,,Apple,Hazelnut,Cheese,Meat,Carrot,,Onion,Milk,Butter,,,Floar,HeavyCream,Egg,Olive,Shampoo,
,,Bacon,,,,Hazelnut,,Meat,,,,,,ShavingFoam,,,,Egg,,,Sugar
,,,,,Apple,,Cheese,Meat,,,,Milk,,,,,,Egg,,,
Bread,,,Toothpaste,Banana,,Hazelnut,Cheese,,Carrot,Cucumber,,Milk,,,,Floar,,Egg,Olive,,Sugar
Bread,,Bacon,,,,Hazelnut,,,Carrot,Cucumber,,Milk,,ShavingFoam,,Floar,HeavyCream,Egg,,,Sugar
